{
  "mrr@10": 0.0219346675868415,
  "recall@10": 0.12560386473429952,
  "n": 69.0,
  "candidate_n": 100.0
}