{
  "mrr@10": 0.013664596273291925,
  "recall@10": 0.06521739130434782,
  "n": 69.0,
  "candidate_n": 100.0
}