{
  "mrr@10": 0.09969519208649642,
  "recall@10": 0.24154589371980678,
  "n": 69.0,
  "candidate_n": 100.0
}