{
  "mrr@10": 0.18034851621808143,
  "recall@10": 0.33695652173913043,
  "n": 69.0,
  "candidate_n": 100.0
}