{
  "mrr@10": 0.13461582700713137,
  "recall@10": 0.2910628019323671,
  "n": 69.0,
  "candidate_n": 200.0
}