{
  "mrr@10": 0.09641706924315618,
  "recall@10": 0.2657004830917874,
  "n": 69.0,
  "candidate_n": 50.0
}