{
  "mrr@10": 0.028985507246376812,
  "recall@10": 0.028985507246376812,
  "n": 69.0,
  "candidate_n": 100.0
}